Div,Date,Time,HomeTeam,AwayTeam,FTHG,FTAG,FTR,HTHG,HTAG,HTR,HxG,AxG,HS,AS,HST,AST,HF,AF,HC,AC,HY,AY,HR,AR,B365H,B365D,B365A,BFDH,BFDD,BFDA,BVH,BVD,BVA,BWH,BWD,BWA,PPH,PPD,PPA,SKBH,SKBD,SKBA,MaxH,MaxD,MaxA,AvgH,AvgD,AvgA,BFEH,BFED,BFEA,B365>2.5,B365<2.5,Max>2.5,Max<2.5,Avg>2.5,Avg<2.5,BFE>2.5,BFE<2.5,AHh,B365AHH,B365AHA,MaxAHH,MaxAHA,AvgAHH,AvgAHA,BFEAHH,BFEAHA,B365CH,B365CD,B365CA,BFDCH,BFDCD,BFDCA,BVCH,BVCD,BVCA,BWCH,BWCD,BWCA,PPCH,PPCD,PPCA,SKBCH,SKBCD,SKBCA,MaxCH,MaxCD,MaxCA,AvgCH,AvgCD,AvgCA,BFECH,BFECD,BFECA,B365C>2.5,B365C<2.5,MaxC>2.5,MaxC<2.5,AvgC>2.5,AvgC<2.5,BFEC>2.5,BFEC<2.5,AHCh,B365CAHH,B365CAHA,MaxCAHH,MaxCAHA,AvgCAHH,AvgCAHA,BFECAHH,BFECAHA
I2,21/08/2026,19:30,Vicenza,Catanzaro,3,2,H,1,1,D,1.84,1.77,23,13,9,6,15,16,10,6,2,3,0,0,2.57,3,2.82,2.5,3.1,2.75,2.45,3.13,2.75,2.6,3.1,2.7,2.4,2.9,2.88,2.38,2.88,2.8,2.6,3.2,2.9,2.49,3.08,2.79,2.64,3.2,3.1,2.08,1.73,2.2,1.73,2.08,1.68,2.18,1.8,0,1.8,2,1.8,2,1.77,1.95,1.83,2.17,2.25,3.1,3.25,2.25,3.1,3.1,2.25,3.2,3,2.3,3.2,3.1,2.2,2.9,3.2,2.2,2.9,3.1,2.3,3.2,3.25,2.25,3.09,3.16,2.42,3.25,3.55,2.05,1.75,2.2,1.75,2.05,1.7,2.18,1.83,-0.25,1.98,1.83,1.98,1.83,1.93,1.8,2.04,1.94
I2,22/08/2026,18:00,Carrarese,Mantova,1,2,A,0,1,A,0.86,1.17,10,12,2,4,19,17,2,3,1,1,0,0,2.25,3.25,3.1,2.3,3.2,2.88,2.3,3.2,2.88,2.35,3.2,3,2.2,3,3.25,2.15,2.9,3.1,2.38,3.25,3.25,2.29,3.16,3.01,2.48,3.2,3.15,2,1.8,2,1.8,1.95,1.77,2.06,1.82,-0.25,2,1.8,2,1.8,1.97,1.76,2.1,1.81,3.1,3.2,2.3,2.88,3.1,2.38,2.88,3.13,2.38,2.95,3.1,2.4,3,2.88,2.3,2.9,2.88,2.3,3.1,3.2,2.42,2.96,3.07,2.37,3.25,3.2,2.56,2.1,1.7,2.1,1.85,1.99,1.75,2.16,1.82,0.25,1.8,2,1.8,2.05,1.73,2.01,1.83,2.17
I2,22/08/2026,18:00,Sudtirol,Virtus Entella,1,0,H,0,0,D,0.97,0.56,8,15,2,3,15,18,1,5,3,1,1,0,2.01,3.1,3.9,2.05,3.1,3.6,2,3,3.8,2.1,3,3.75,2,3,3.8,2,2.9,3.6,2.1,3.2,4,2.04,3.03,3.77,2.16,3.05,4.1,2.6,1.48,2.6,1.53,2.49,1.49,2.58,1.49,-0.25,1.75,2.05,1.8,2.05,1.73,2.01,1.85,2.12,2.1,3.1,3.5,2.1,3,3.5,2.1,3,3.5,2.15,3,3.6,2.1,2.8,3.75,2.1,2.75,3.6,2.16,3.1,3.8,2.12,2.98,3.6,2.3,3.05,4.1,2.4,1.53,2.55,1.54,2.44,1.5,2.74,1.56,-0.25,1.8,2,1.8,2,1.78,1.95,1.92,2.06
I2,22/08/2026,20:00,Avellino,Arezzo,1,2,A,1,0,H,0.69,1.51,11,16,3,3,11,16,4,2,2,2,0,0,2.15,3.25,3.25,2.15,3.2,3.2,2.15,3.13,3.25,2.2,3.2,3.25,2.1,3.2,3.3,2.05,3.1,3.2,2.2,3.25,3.3,2.16,3.18,3.25,2.2,2.84,3.55,2.2,1.65,2.2,1.67,2.17,1.63,2.2,1.66,-0.25,1.88,1.93,1.9,1.93,1.86,1.87,,,2.05,3.3,3.4,2.1,3.1,3.4,2.1,3.13,3.4,2.2,3.1,3.4,2.05,2.88,3.5,2.05,2.88,3.4,2.2,3.3,3.5,2.11,3.09,3.45,2.2,3.2,4,2.25,1.62,2.25,1.67,2.18,1.62,2.34,1.73,-0.25,1.83,1.98,1.83,1.98,1.79,1.94,,
I2,22/08/2026,20:00,Benevento,Modena,1,2,A,1,0,H,1,1.44,16,13,3,4,11,11,8,4,1,2,0,0,2.25,3.25,3.1,2.25,3.25,3,2.25,3.25,2.9,2.4,3.25,2.87,2.25,3.1,3,2.25,3,2.88,2.4,3.35,3.1,2.28,3.22,2.97,2.52,3.3,3.15,2,1.8,2,1.83,1.94,1.79,2,1.85,-0.25,2.03,1.78,2.03,1.8,1.96,1.77,2.14,1.84,2.35,3.25,2.85,2.38,3.1,2.88,2.3,3.2,2.88,2.45,3.25,2.75,2.3,3,2.88,2.3,2.9,2.8,2.45,3.25,3,2.37,3.17,2.86,2.56,3.3,3.15,2,1.8,2,1.83,1.93,1.79,2.04,1.91,-0.25,2.03,1.78,2.03,1.78,1.99,1.75,2.18,1.82
I2,22/08/2026,20:00,Empoli,Cremonese,1,0,H,1,0,H,1.04,0.82,10,15,5,2,17,11,2,5,1,3,1,0,2.7,3.2,2.55,2.63,3,2.63,2.63,3.2,2.5,2.8,3.1,2.5,2.8,2.88,2.5,2.75,2.8,2.5,2.8,3.2,2.7,2.71,3.04,2.58,2.98,3.15,2.74,2.08,1.73,2.1,1.75,2.04,1.71,2.1,1.76,0,1.98,1.83,1.98,1.85,1.9,1.81,2.06,1.88,3.2,3.2,2.25,3,3.1,2.3,3,3.13,2.25,3.1,3.1,2.3,3.25,2.88,2.2,3.2,2.8,2.2,3.33,3.2,2.38,3.13,3.06,2.28,3.6,3.15,2.42,2.1,1.7,2.1,1.73,2.07,1.69,2.22,1.79,0.25,1.83,1.98,1.83,1.98,1.8,1.93,1.94,2.03
I2,23/08/2026,18:00,Pisa,Padova,0,1,A,0,0,D,1.64,1.09,22,11,7,2,7,18,4,6,1,2,0,0,1.66,3.5,5.25,1.73,3.4,4.5,1.73,3.4,4.6,1.75,3.5,4.75,1.7,3.2,5,1.67,3.1,4.8,1.76,3.5,5.25,1.73,3.39,4.72,1.8,3.45,5.2,2.15,1.67,2.15,1.7,2.12,1.66,2.2,1.73,-0.75,1.98,1.83,2,1.83,1.96,1.78,2.04,1.82,1.71,3.5,4.75,1.73,3.4,4.5,1.73,3.4,4.5,1.75,3.5,4.6,1.73,3.25,4.5,1.73,3.2,4.33,1.78,3.5,4.75,1.74,3.39,4.59,1.87,3.6,5.1,2.08,1.73,2.1,1.73,2.04,1.71,2.2,1.8,-0.5,1.78,2.03,1.78,2.03,1.72,2,1.87,2.12
I2,23/08/2026,18:00,Verona,Ascoli,1,2,A,1,0,H,3.07,1.26,24,10,7,3,14,16,5,4,2,3,0,0,1.61,3.6,5.5,1.62,3.75,5,1.6,3.7,5,1.6,3.8,5.5,1.5,3.5,6.5,1.5,3.4,6,1.65,3.8,6.5,1.6,3.65,5.39,1.63,3.7,5.5,1.95,1.85,1.95,1.88,1.87,1.83,1.89,1.74,-0.75,1.83,1.98,1.83,1.98,1.79,1.94,1.77,1.94,1.76,3.4,4.75,1.73,3.5,4.5,1.73,3.5,4.4,1.75,3.5,4.5,1.67,3.3,5,1.67,3.2,4.8,1.78,3.5,5.5,1.72,3.41,4.75,1.84,3.7,5.3,2,1.8,2,1.91,1.93,1.8,2.06,1.9,-0.5,1.78,2.03,1.78,2.12,1.7,2.03,1.84,2.17
I2,23/08/2026,20:00,Cesena,Sampdoria,1,1,D,1,0,H,1.25,1.08,7,21,2,9,18,8,0,12,3,1,1,0,2.35,3.25,2.85,2.4,3.2,2.75,2.38,3.2,2.75,2.45,3.25,2.8,2.3,3,2.9,2.3,2.9,2.88,2.48,3.25,2.9,2.39,3.15,2.82,2.74,3.15,3,2.05,1.75,2.05,1.8,1.98,1.75,2.12,1.78,0,1.78,2.03,1.78,2.03,1.74,2,1.86,2.08,2.45,3.2,2.75,2.5,3.1,2.75,2.4,3.2,2.75,2.5,3.2,2.7,2.5,2.9,2.7,2.45,2.9,2.7,2.62,3.3,2.8,2.51,3.13,2.73,2.74,3.15,3.05,2.05,1.75,2.05,1.8,1.98,1.75,2.16,1.83,0,1.78,2.03,1.8,2.03,1.76,1.97,1.89,2.11
I2,23/08/2026,20:00,Palermo,Juve Stabia,1,0,H,1,0,H,1.17,1.03,16,13,5,4,21,11,6,6,4,1,0,0,1.62,3.5,5.5,1.62,3.6,5,1.62,3.6,5,1.66,3.6,5,1.5,3.6,6.5,1.5,3.5,6.25,1.67,3.7,6.5,1.62,3.59,5.31,1.68,3.55,6.4,2.05,1.75,2.05,1.8,1.98,1.75,2.06,1.79,-0.75,1.85,1.95,1.85,1.95,1.81,1.91,1.88,2.02,1.46,3.9,7,1.44,4,6.5,1.45,4,6.5,1.5,4.1,6.25,1.4,4.2,6.5,1.4,3.9,6.25,1.5,4.2,7.1,1.46,4.04,6.58,1.49,4.7,7.8,1.9,1.9,1.95,1.91,1.88,1.84,1.96,1.99,-1,1.83,1.98,1.83,1.98,1.79,1.93,1.87,2.11
I2,28/08/2026,19:30,Cremonese,Modena,0,3,A,0,2,A,0.38,0.68,8,10,2,3,14,13,8,2,2,1,0,0,2.15,3,3.3,2.1,3.1,3.4,2.1,3.1,3.4,2.15,3.1,3.5,2.2,2.88,3.5,2.15,2.75,3.3,2.2,3.15,3.6,2.15,3.03,3.44,2.38,3.1,3.8,2.3,1.6,2.38,1.6,2.3,1.56,2.48,1.66,-0.25,1.9,1.9,1.9,1.93,1.82,1.9,1.99,1.98,2.35,3.2,2.75,2.4,3.1,2.8,2.38,3.2,2.75,2.55,3.1,2.8,2.4,2.88,2.88,2.38,2.88,2.88,2.55,3.2,2.9,2.43,3.08,2.81,2.64,3.2,3.15,2.05,1.75,2.1,1.75,2.03,1.72,2.18,1.82,0,1.78,2.03,1.8,2.03,1.75,1.99,1.81,2.2
I2,29/08/2026,18:00,Sampdoria,Juve Stabia,1,2,A,1,0,H,1.25,1.06,17,17,6,5,8,10,2,7,2,2,0,0,1.81,3.1,4.33,1.9,3.2,4,1.85,3.2,4.1,1.95,3.2,4.1,1.91,3,4,1.91,2.9,3.9,1.95,3.3,4.33,1.89,3.15,4.14,1.92,3.3,4.8,2.35,1.57,2.38,1.58,2.31,1.55,2.44,1.63,-0.5,1.9,1.9,1.9,1.9,1.86,1.85,1.92,1.98,1.71,3.25,4.75,1.73,3.3,4.6,1.73,3.3,4.6,1.8,3.4,4.5,1.73,3.2,4.75,1.7,3.1,4.6,1.8,3.45,5,1.75,3.31,4.63,1.85,3.5,5.5,2.2,1.65,2.25,1.67,2.19,1.62,2.32,1.73,-0.5,1.75,2.05,1.75,2.05,1.73,1.99,1.84,2.16
I2,29/08/2026,18:00,Virtus Entella,Cesena,1,2,A,1,2,A,0.62,0.48,14,7,3,3,7,18,6,2,1,2,0,0,2.15,3.1,3.3,2.15,3.25,3.2,2.15,3.2,3.2,2.2,3.3,3.1,2.1,3.1,3.4,2.05,3,3.3,2.2,3.3,3.4,2.15,3.19,3.25,2.22,3.25,3.5,2.1,1.7,2.1,1.73,2.03,1.71,2.12,1.76,-0.25,1.9,1.9,1.9,1.93,1.84,1.89,1.89,1.96,1.79,3.25,4.33,1.83,3.3,4,1.8,3.3,4.2,1.88,3.3,4.2,1.8,3.2,4.2,1.8,3.1,4,1.9,3.4,4.33,1.85,3.27,4.11,1.94,3.55,4.8,2.1,1.7,2.1,1.8,2.05,1.7,2.2,1.8,-0.5,1.85,1.95,1.9,1.95,1.83,1.88,1.94,2.04
I2,29/08/2026,20:00,Ascoli,Carrarese,1,1,D,0,0,D,1.6,1.82,20,18,6,4,10,13,10,9,4,3,0,0,1.86,3.2,4.1,1.95,3.2,3.75,1.9,3.13,4,1.95,3.2,4,1.91,3.1,4,1.91,3,3.8,2,3.3,4.2,1.92,3.17,3.98,1.93,3.2,4.5,2.35,1.57,2.38,1.58,2.32,1.55,2.42,1.58,-0.5,1.95,1.85,1.95,1.85,1.9,1.81,1.93,1.94,1.79,3.5,4.1,1.83,3.4,4,1.8,3.4,4.1,1.85,3.5,4.1,1.75,3.25,4.2,1.75,3.2,4,1.9,3.5,4.33,1.82,3.41,4.08,1.91,3.6,4.7,1.9,1.9,1.95,1.9,1.89,1.82,2,1.95,-0.5,1.8,2,1.9,2,1.8,1.9,1.91,2.06
I2,29/08/2026,20:00,Avellino,Vicenza,3,0,H,2,0,H,1.41,1.13,10,18,8,3,14,16,2,7,4,3,0,0,2.35,3.1,2.75,2.4,3.1,2.8,2.4,3.1,2.8,2.5,3.1,2.85,2.4,2.9,3,2.38,2.8,2.9,2.52,3.2,3,2.43,3.06,2.85,2.48,3.1,2.94,2.25,1.62,2.25,1.67,2.17,1.63,2.06,1.55,0,1.7,2.1,1.8,2.1,1.72,2.02,1.71,2.05,2.25,3.1,3,2.3,3,3.1,2.2,3.1,3.1,2.3,3.1,3.1,2.3,2.8,3.2,2.25,2.75,3.1,2.4,3.1,3.2,2.3,3,3.13,2.48,3.1,3.5,2.25,1.62,2.25,1.67,2.19,1.62,2.36,1.71,-0.25,1.98,1.83,2,1.83,1.94,1.79,2.08,1.89
I2,29/08/2026,20:00,Padova,Verona,1,1,D,1,0,H,0.92,1.71,7,14,2,3,12,18,2,6,4,1,0,0,2.82,3,2.4,2.8,3.1,2.4,2.8,3,2.45,2.8,3.1,2.5,2.8,3,2.45,2.75,2.9,2.4,2.9,3.15,2.54,2.82,3.02,2.46,2.98,3.1,2.68,2.35,1.57,2.38,1.57,2.31,1.55,2.46,1.6,0,2.03,1.78,2.03,1.78,1.99,1.75,2.04,1.85,2.7,3.2,2.4,2.75,3.2,2.4,2.75,3.2,2.4,2.8,3.2,2.45,2.8,2.9,2.45,2.75,2.88,2.45,2.88,3.25,2.54,2.78,3.11,2.46,3.05,3.15,2.72,2.05,1.75,2.1,1.75,2.03,1.71,2.18,1.81,0,2.03,1.78,2.03,1.78,1.99,1.75,2.12,1.87
I2,30/08/2026,18:00,Arezzo,Palermo,2,3,A,0,1,A,1.18,2.01,15,17,5,7,13,13,9,4,1,2,0,0,3.5,3.2,2.05,3.4,3.1,2.1,3.5,3.1,2.05,3.4,3.2,2.15,3.3,3.2,2.1,3.25,3.1,2.05,3.75,3.2,2.15,3.44,3.12,2.09,,,,2.35,1.57,2.35,1.62,2.26,1.57,,,0.25,2,1.8,2,1.8,1.96,1.77,,,3.5,3.25,2.01,3.5,3.2,2.05,3.5,3.25,2,3.75,3.1,2.05,3.7,3,2,3.6,2.9,2,4,3.3,2.08,3.62,3.12,2.03,4.2,3.3,2.16,2.1,1.7,2.15,1.73,2.1,1.67,2.26,1.76,0.5,1.75,2.05,1.77,2.05,1.73,1.98,1.84,2.16
I2,30/08/2026,18:00,Mantova,Empoli,3,1,H,0,0,D,1.28,0.42,16,6,9,2,13,20,3,6,2,6,0,0,2.05,3.1,3.5,2.05,3.25,3.4,2.05,3.2,3.4,2.05,3.3,3.5,2.1,3.1,3.3,2.05,3,3.25,2.1,3.35,3.65,2.06,3.2,3.43,2.14,3.3,3.65,2.1,1.7,2.1,1.73,2.02,1.71,2.12,1.72,-0.5,2.08,1.73,2.08,1.8,2.01,1.72,,,1.81,3.4,3.9,1.91,3.4,3.75,1.9,3.2,3.9,1.93,3.4,3.9,1.87,3.2,3.8,1.85,3,3.9,1.93,3.45,4,1.89,3.3,3.86,2,3.45,4.5,1.93,1.88,1.93,1.91,1.86,1.85,2,1.99,-0.5,1.93,1.88,1.93,1.9,1.87,1.83,2,1.96
I2,30/08/2026,20:00,Benevento,Sudtirol,1,1,D,0,0,D,2.18,0.66,24,9,5,2,16,12,11,1,1,1,0,0,2.05,3.1,3.6,2.05,3.1,3.6,2.05,3.1,3.5,2.1,3.1,3.6,2.1,3.1,3.4,2.05,3,3.25,2.15,3.15,3.9,2.07,3.08,3.56,2.12,3.15,3.85,2.35,1.57,2.38,1.58,2.3,1.55,2.36,1.59,-0.5,2.08,1.73,2.08,1.77,2.02,1.71,,,1.81,3.5,4,1.91,3.3,3.75,1.83,3.3,4,1.93,3.3,3.9,1.8,3.2,4.2,1.8,3.1,4,1.93,3.5,4.33,1.87,3.3,4.01,1.94,3.5,4.8,1.98,1.83,2,1.83,1.97,1.76,2.08,1.88,-0.5,1.83,1.98,1.9,1.98,1.83,1.87,1.94,2.04
I2,30/08/2026,20:00,Pisa,Catanzaro,2,1,H,2,1,H,2.04,1.11,19,14,9,7,15,12,6,8,3,2,0,0,1.79,3.1,4.5,1.83,3.25,4.2,1.8,3.25,4.33,1.85,3.3,4.33,1.87,3.1,4.2,1.83,3,4,1.88,3.4,4.5,1.83,3.23,4.32,1.81,3.2,4.7,2.3,1.6,2.3,1.62,2.23,1.59,2.14,1.52,-0.5,1.83,1.98,1.83,1.98,1.8,1.92,,,1.76,3.2,4.33,1.83,3.4,4,1.8,3.4,4.1,1.85,3.4,4.2,1.75,3.3,4.2,1.75,3.25,4,1.88,3.5,4.35,1.82,3.34,4.19,1.91,3.65,4.7,2.05,1.75,2.1,1.75,2.06,1.69,2.18,1.83,-0.5,1.83,1.98,1.83,1.98,1.79,1.9,1.9,2.08
I2,05/09/2026,14:00,Sudtirol,Catanzaro,2,0,H,0,0,D,0.47,0.63,9,12,4,2,9,7,3,5,1,1,0,0,2.25,3,3.2,2.25,3.2,3,2.25,3.13,3,2.35,3.1,3.1,2.25,3,3.1,2.25,2.9,3,2.38,3.25,3.2,2.28,3.09,3.07,2.44,3.15,3.25,2.15,1.67,2.2,1.67,2.16,1.64,2.22,1.73,-0.25,1.98,1.83,1.98,1.83,1.94,1.79,2.08,1.84,2.32,3.1,2.85,2.38,3.1,2.88,2.3,3.2,2.88,2.35,3.1,3,2.38,2.88,3,2.3,2.8,2.9,2.4,3.2,3.14,2.35,3.07,2.98,2.6,3.25,3.2,2.05,1.75,2.1,1.75,2.02,1.73,2.14,1.84,-0.25,2.05,1.75,2.05,1.8,1.99,1.74,2.19,1.82
I2,05/09/2026,16:15,Ascoli,Benevento,1,0,H,0,0,D,2.37,0.07,12,4,4,0,7,12,7,5,2,5,0,1,2.2,3,3.2,2.25,3.25,3,2.25,3.25,2.9,2.3,3.2,3.1,2.2,3.1,3.1,2.15,3,3,2.33,3.3,3.2,2.27,3.2,3,2.5,3.35,3.2,2.05,1.75,2.1,1.8,2.02,1.72,2.16,1.83,-0.25,2,1.8,2,1.8,1.95,1.78,2.13,1.86,2.57,3.1,2.5,2.4,3.25,2.75,2.55,3.3,2.5,,,,2.5,3.1,2.6,2.5,3,2.5,2.63,3.3,2.75,2.53,3.19,2.59,2.76,3.45,2.8,1.75,2.05,1.85,2.05,1.76,1.95,1.85,2.14,0,1.93,1.88,1.93,1.95,1.85,1.88,1.96,2.01
I2,05/09/2026,18:30,Carrarese,Empoli,0,1,A,0,0,D,0.78,0.7,9,16,5,2,10,12,1,7,0,2,0,0,2.25,3.1,2.85,2.4,3.2,2.8,2.3,3.13,2.9,2.37,3.2,2.95,2.25,3.3,2.88,2.2,3.2,2.8,2.4,3.3,3.1,2.32,3.19,2.91,2.52,3.4,3.1,2.15,1.67,2.15,1.7,2.11,1.66,2.22,1.74,-0.25,2.05,1.75,2.05,1.78,2,1.74,2.16,1.82,2.15,3.2,3,2.38,3.1,2.88,2.25,3.2,3,2.35,3.2,3,2.3,2.88,3.1,2.25,2.88,3,2.38,3.25,3.14,2.3,3.12,3.02,2.48,3.2,3.4,2.08,1.73,2.1,1.73,2.04,1.71,2.18,1.8,-0.25,1.95,1.85,2,1.85,1.94,1.8,2.11,1.88
I2,06/09/2026,14:00,Cesena,Mantova,1,1,D,0,1,A,1.68,0.69,20,8,6,4,10,9,10,4,0,1,0,0,2.4,3.1,2.82,2.5,3.25,2.63,2.4,3.25,2.7,2.5,3.2,2.75,2.4,3.1,2.8,2.38,3,2.75,2.52,3.3,2.85,2.43,3.21,2.74,2.54,3.3,2.84,1.98,1.83,2,1.83,1.94,1.79,1.98,1.83,0,1.78,2.03,1.8,2.03,1.76,1.97,,,2.7,3.3,2.4,2.63,3.25,2.5,2.75,3.3,2.3,2.87,3.3,2.35,2.8,3.1,2.4,2.75,3,2.38,2.9,3.4,2.5,2.77,3.25,2.4,3.05,3.35,2.6,1.8,2,1.9,2,1.79,1.94,1.92,2.06,0,2.03,1.78,2.03,1.8,1.99,1.75,2.15,1.84
I2,06/09/2026,14:00,Juve Stabia,Pisa,0,3,A,0,1,A,0.97,1.7,15,12,3,7,12,21,4,3,2,2,0,0,2.75,2.85,2.5,2.75,3.1,2.5,2.7,3.1,2.5,2.75,3,2.6,2.8,3,2.5,2.75,2.9,2.45,2.88,3.1,2.6,2.77,3.02,2.52,2.92,3.05,2.64,2.2,1.65,2.25,1.65,2.2,1.61,1.02,1.58,0,2,1.8,2,1.8,1.95,1.78,,,3.2,3.1,2.15,3,3.1,2.3,3.1,3.2,2.2,3.3,3.1,2.25,3.3,2.88,2.2,3.25,2.88,2.15,3.5,3.2,2.34,3.22,3.06,2.23,3.7,3.15,2.36,2.08,1.73,2.1,1.73,2.04,1.7,2.2,1.81,0.25,1.88,1.93,1.88,1.95,1.82,1.91,1.97,1.99
I2,06/09/2026,14:00,Modena,Avellino,0,1,A,0,1,A,1.9,0.46,43,6,10,2,17,12,12,2,3,2,0,0,1.71,3.3,4.75,1.8,3.4,4.2,1.8,3.4,4.2,1.8,3.4,4.5,1.75,3.3,4.5,1.73,3.2,4.33,1.8,3.5,4.75,1.78,3.37,4.39,1.79,3.25,4.5,2.1,1.7,2.1,1.73,2.05,1.69,2.1,1.64,-0.5,1.8,2,1.8,2,1.77,1.95,,,1.53,3.6,5.75,1.67,3.6,4.6,1.57,3.6,5.5,1.65,3.7,5.25,1.57,3.5,5,1.57,3.4,5,1.69,3.75,5.75,1.61,3.6,5.33,1.7,3.85,6.2,2,1.8,2.1,1.8,1.98,1.75,2.12,1.87,-0.75,1.75,2.05,1.85,2.05,1.76,1.98,1.9,2.07
I2,06/09/2026,14:00,Virtus Entella,Vicenza,2,2,D,1,1,D,0.94,1.5,14,12,5,5,14,16,4,4,3,2,0,0,2.1,3,3.6,2.1,3.1,3.4,2.1,3.1,3.4,2.15,3.1,3.5,2.1,3,3.4,2.1,2.9,3.3,2.15,3.15,3.66,2.11,3.05,3.49,2.22,3.05,3.75,2.4,1.53,2.4,1.58,2.3,1.55,2.44,1.55,-0.25,1.83,1.98,1.83,1.98,1.79,1.94,,,2.01,3.1,3.7,2.05,3.2,3.4,2.05,3.2,3.4,2.1,3.2,3.5,2.05,2.88,3.6,2.05,2.88,3.5,2.12,3.2,3.8,2.06,3.09,3.58,2.22,3.2,4,2.15,1.67,2.3,1.67,2.15,1.64,2.26,1.76,-0.25,1.8,2,1.8,2,1.76,1.97,1.87,2.11
I2,06/09/2026,16:15,Verona,Arezzo,5,0,H,0,0,D,3.15,0.12,16,4,9,1,19,10,6,0,2,1,0,1,1.62,3.6,4.75,1.67,3.6,4.6,1.65,3.6,4.75,1.7,3.6,5,1.57,3.6,5.5,1.55,3.4,5.25,1.7,3.8,5.5,1.65,3.64,4.83,1.58,2.02,4.6,1.93,1.88,1.93,1.88,1.87,1.83,1.81,1.75,-0.75,1.9,1.9,1.9,1.9,1.86,1.86,,,1.76,3.4,4.2,1.73,3.5,4.33,1.75,3.4,4.33,1.85,3.4,4.2,1.75,3.2,4.5,1.75,3.1,4.33,1.85,3.55,4.75,1.78,3.35,4.38,1.9,3.5,5,2.05,1.75,2.05,1.8,1.98,1.76,2.14,1.85,-0.5,1.8,2,1.8,2,1.77,1.94,1.9,2.09
I2,06/09/2026,18:30,Cremonese,Padova,3,1,H,2,1,H,2.46,1.3,10,12,6,7,8,6,3,5,0,0,0,0,1.81,3.25,4.33,1.8,3.4,4.2,1.83,3.4,3.9,1.85,3.4,4.2,1.8,3.4,4,1.8,3.25,3.9,1.88,3.5,4.35,1.82,3.38,4.11,,,,2.03,1.78,2.03,1.85,1.95,1.77,,,-0.5,1.85,1.95,1.85,2,1.81,1.91,,,1.91,3.2,4,1.91,3.3,3.75,1.95,3.25,3.6,1.98,3.25,3.8,1.95,3,3.8,1.95,2.9,3.75,1.98,3.35,4.2,1.95,3.18,3.86,2.1,3.3,4.2,2.15,1.67,2.15,1.8,2.05,1.7,2.28,1.76,-0.5,1.98,1.83,1.98,1.83,1.92,1.79,2.1,1.88
I2,07/09/2026,19:30,Palermo,Sampdoria,3,1,H,2,0,H,1.6,1.7,14,14,6,5,14,10,2,5,2,3,0,0,1.81,3.25,4.33,1.83,3.4,4,1.83,3.4,3.9,1.88,3.25,4.2,1.7,3.4,4.75,1.67,3.1,4.2,1.88,3.45,4.75,1.81,3.33,4.19,,,,2.05,1.75,2.05,1.83,1.96,1.76,,,-0.5,1.88,1.93,1.88,1.93,1.82,1.89,,,1.53,3.8,5.5,1.6,3.75,5,1.57,3.9,5,,,,1.53,3.7,5,1.53,3.6,5,1.63,4,5.5,1.57,3.83,5.18,1.65,4,6.4,1.73,2.08,1.8,2.1,1.74,2,1.84,2.16,-0.75,1.78,2.03,1.78,2.08,1.73,2.02,1.84,2.15
I2,11/09/2026,18:00,Empoli,Arezzo,0,1,A,0,0,D,0.48,1.09,10,15,2,2,16,15,3,4,1,1,1,0,1.96,3.25,3.9,2,3.25,3.5,2,3.25,3.5,2.05,3.25,3.6,1.91,3.2,4,1.85,3.1,3.75,2.05,3.3,4,2,3.23,3.67,2.12,3.35,4.1,2.05,1.75,2.1,1.75,2.04,1.71,2.2,1.8,-0.5,2.03,1.78,2.03,1.78,1.99,1.74,2.12,1.86,1.96,3.2,4,2,3.25,3.5,1.95,3.2,3.7,2,3.25,3.75,1.95,3,3.8,1.95,3,3.75,2.08,3.3,4.2,1.98,3.17,3.78,2.12,3.35,4.3,2.15,1.67,2.15,1.73,2.08,1.68,2.26,1.76,-0.5,2,1.8,2.05,1.8,1.95,1.77,2.12,1.88
I2,11/09/2026,20:00,Benevento,Verona,3,1,H,1,1,D,1.14,1.45,13,11,6,3,10,12,4,9,3,4,0,0,2.75,3.2,2.45,2.75,3.1,2.5,2.7,3.2,2.45,2.85,3.2,2.4,2.88,3.1,2.3,2.8,3,2.25,2.9,3.2,2.54,2.79,3.13,2.45,3,3.2,2.7,2.05,1.75,2.05,1.8,2,1.74,2.14,1.86,0,1.98,1.83,2,1.83,1.95,1.78,2.09,1.87,2.57,3.2,2.57,2.63,3.1,2.6,2.63,3.2,2.5,2.7,3.1,2.6,2.7,2.88,2.6,2.6,2.8,2.6,2.9,3.2,2.63,2.69,3.08,2.57,2.9,3.2,2.84,2.1,1.7,2.1,1.8,2.01,1.73,2.16,1.83,0,1.88,1.93,1.95,1.93,1.9,1.83,1.99,1.97
I2,11/09/2026,20:00,Pisa,Virtus Entella,1,4,A,0,3,A,1.08,1.71,14,14,6,4,9,14,7,2,1,2,1,0,1.71,3.25,5,1.73,3.3,4.6,1.7,3.3,4.75,1.8,3.3,4.6,1.67,3.2,5.5,1.67,3.1,5.25,1.8,3.4,5.5,1.73,3.29,4.91,1.83,3.4,5.6,2.25,1.62,2.25,1.62,2.21,1.61,2.44,1.66,-0.5,1.8,2,1.8,2.05,1.73,2,1.83,2.14,1.81,3.2,4.5,1.83,3.3,4,1.8,3.3,4.2,1.85,3.3,4.2,1.75,3,4.75,1.75,3,4.6,1.86,3.3,5,1.81,3.23,4.43,1.91,3.35,5.3,2.1,1.7,2.2,1.73,2.1,1.67,2.3,1.75,-0.5,1.85,1.95,1.85,2,1.78,1.93,1.91,2.08
I2,12/09/2026,14:00,Padova,Ascoli,1,0,H,0,0,D,0.96,1.77,11,20,4,5,22,12,2,8,4,2,0,0,2.1,3.4,3.2,2.2,3.25,3.1,2.1,3.25,3.2,2.2,3.25,3.2,2.15,3.2,3.1,2.1,3.1,3,2.2,3.4,3.3,2.15,3.25,3.18,2.22,3.3,3.55,2.05,1.75,2.1,1.75,2.02,1.72,2.06,1.74,-0.25,1.88,1.93,1.88,1.93,1.84,1.88,1.89,1.99,2.05,3.3,3.4,2.2,3.25,3.1,2.05,3.3,3.3,2.2,3.2,3.3,2.05,3,3.5,2.05,2.9,3.4,2.2,3.3,3.5,2.12,3.21,3.32,2.26,3.3,3.8,2.03,1.78,2.03,1.8,1.99,1.74,2.12,1.85,-0.25,1.8,2,1.87,2,1.8,1.92,1.9,2.08
I2,12/09/2026,14:00,Sudtirol,Modena,1,1,D,1,0,H,0.73,0.96,11,18,3,8,15,15,5,8,3,1,0,0,3.2,3,2.35,3,3,2.4,3,3.1,2.3,3,3.1,2.37,3,2.8,2.45,2.9,2.75,2.4,3.25,3.1,2.48,3.07,2.95,2.39,3.3,2.66,2.46,2.3,1.6,2.3,1.62,2.24,1.59,2.26,1.57,0.25,1.78,2.03,1.78,2.05,1.74,2,1.77,2.04,3.7,3,2.05,3.4,3.1,2.1,3.4,3.2,2.05,3.7,2.8,2.1,3.6,3,2,3.5,2.9,2,3.7,3.2,2.16,3.54,3.05,2.09,4,3.3,2.2,2.1,1.7,2.2,1.7,2.11,1.66,2.28,1.76,0.5,1.73,2.08,1.73,2.1,1.68,2.06,1.83,2.18
I2,12/09/2026,14:00,Vicenza,Juve Stabia,1,1,D,0,0,D,0.57,1.5,7,14,2,7,20,14,8,5,2,0,0,0,1.96,3.1,4.1,2,3.2,3.6,1.95,3.2,3.7,2,3.25,3.8,1.95,3.1,3.8,1.91,3,3.75,2,3.25,4.1,1.97,3.15,3.82,2,3.2,4.2,2.15,1.67,2.2,1.67,2.14,1.64,,,-0.5,2,1.8,2,1.8,1.95,1.77,,,1.86,3.4,4.2,1.9,3.4,3.75,1.83,3.4,3.9,1.9,3.4,3.9,1.85,3.2,4,1.83,3.1,3.9,1.95,3.5,4.2,1.87,3.36,3.96,1.98,3.55,4.5,1.83,1.98,1.95,1.98,1.85,1.86,,,-0.5,1.85,1.95,1.91,1.95,1.85,1.86,,
I2,12/09/2026,16:15,Catanzaro,Carrarese,1,0,H,0,0,D,2.42,0.53,20,11,2,1,12,14,2,5,2,2,0,0,1.96,3.2,3.9,1.95,3.4,3.5,1.95,3.4,3.5,2,3.4,3.6,1.95,3.1,3.8,1.91,3,3.75,2,3.5,3.9,1.97,3.33,3.63,2.04,3.5,4,1.9,1.9,1.9,1.91,1.84,1.88,1.96,1.94,-0.5,1.98,1.83,1.98,1.83,1.94,1.78,2.04,1.9,1.76,3.4,4.5,1.73,3.6,4.2,1.73,3.5,4.4,1.77,3.6,4.33,1.67,3.3,4.5,1.67,3.25,4.5,1.81,3.65,4.75,1.75,3.48,4.41,1.82,3.75,5.3,1.85,1.95,1.95,1.95,1.85,1.87,1.94,2.02,-0.75,1.98,1.83,2,1.83,1.95,1.78,2.05,1.92
I2,12/09/2026,18:30,Cesena,Cremonese,2,2,D,1,0,H,1.25,1.28,8,19,2,6,10,8,5,4,4,1,0,0,3.25,3.1,2.2,3.1,3.25,2.2,3,3.25,2.2,3.1,3.3,2.25,3.2,3,2.2,3.1,2.9,2.2,3.25,3.3,2.28,3.13,3.17,2.23,3.3,3.1,2.3,1.98,1.83,2,1.83,1.93,1.8,2.06,1.83,0.25,1.85,1.95,1.85,1.95,1.82,1.9,1.88,1.98,3.2,3.2,2.25,2.88,3.2,2.3,3,3.25,2.2,3,3.4,2.25,3,3,2.25,3,2.9,2.25,3.2,3.4,2.33,3.02,3.18,2.27,3.35,3.35,2.44,1.85,1.95,1.91,1.95,1.86,1.86,2,1.97,0.25,1.83,1.98,1.83,1.98,1.8,1.93,1.91,2.09
I2,13/09/2026,16:15,Avellino,Palermo,1,1,D,0,0,D,1.87,0.56,15,9,5,2,8,9,4,3,2,1,0,0,3.9,3.2,1.96,3.4,3.25,2.05,3.6,3.3,1.95,3.6,3.3,2,3.6,3.1,2,3.4,3,2,4,3.3,2.08,3.64,3.2,2,4,3.2,2.04,2.05,1.75,2.05,1.8,1.99,1.74,2.08,1.78,0.5,1.8,2,1.8,2,1.76,1.96,1.86,2.04,4,3.4,1.91,3.5,3.3,2,3.5,3.4,1.95,3.7,3.4,1.98,3.8,3.1,1.95,3.75,3,1.91,4,3.4,2,3.66,3.27,1.96,4.2,3.4,2.1,1.9,1.9,1.91,1.91,1.86,1.84,1.99,1.97,0.5,1.83,1.98,1.83,2,1.77,1.94,1.89,2.1
I2,13/09/2026,16:15,Mantova,Sampdoria,2,0,H,0,0,D,1.13,1.76,10,13,5,2,13,9,5,5,1,2,0,0,2.01,3.1,4,2,3.2,3.6,2,3.25,3.5,2.05,3.25,3.6,2,3.1,3.5,2,3,3.4,2.05,3.25,4,2.01,3.19,3.62,2.2,3.3,3.75,2.15,1.67,2.15,1.73,2.08,1.68,2.24,1.79,-0.5,2.03,1.78,2.03,1.8,1.99,1.74,2.2,1.76,2.25,3.1,3.25,2.25,3.2,3,2.25,3.2,3,2.3,3.2,3.1,2.3,2.88,3.1,2.25,2.88,3,2.36,3.25,3.35,2.25,3.13,3.08,2.5,3.2,3.4,2,1.8,2.2,1.8,2.01,1.73,2.12,1.86,-0.25,2,1.8,2,1.87,1.91,1.81,2.11,1.88
I2,18/09/2026,19:30,Juve Stabia,Cesena,1,1,D,0,1,A,1.3,1.37,15,18,3,3,11,21,6,2,0,2,0,0,2.2,3.1,3.4,2.25,3.3,2.88,2.15,3.4,3,2.25,3.25,3.1,2.15,3.2,3.1,2.1,3.1,3,2.26,3.4,3.4,2.2,3.27,3.08,2.34,3.45,3.45,1.85,1.95,1.9,1.95,1.85,1.86,1.97,2,-0.25,1.9,1.9,1.93,1.9,1.88,1.83,2,1.97,2.25,3.1,3.3,2.25,3.25,3,2.2,3.25,3,2.25,3.25,3.1,2.2,3,3.1,2.2,2.9,3,2.26,3.35,3.3,2.23,3.2,3.09,2.4,3.35,3.4,1.9,1.9,1.9,1.91,1.85,1.86,2,1.97,-0.25,1.95,1.85,1.95,1.85,1.91,1.81,2.04,1.93
I2,19/09/2026,14:00,Carrarese,Benevento,0,1,A,0,0,D,0.83,1.25,13,16,4,4,11,14,11,3,1,3,0,0,2.85,3.3,2.35,2.8,3.4,2.3,2.8,3.3,2.3,2.85,3.4,2.3,2.8,3.3,2.3,2.7,3.25,2.25,2.9,3.4,2.4,2.82,3.33,2.32,2.98,3.4,2.54,1.9,1.9,1.9,1.95,1.84,1.88,1.94,2,0,2.05,1.75,2.1,1.75,2.05,1.7,2.12,1.81,3.1,3.3,2.3,2.8,3.3,2.3,2.88,3.2,2.3,2.9,3.3,2.35,3,3,2.25,2.9,3,2.2,3.1,3.35,2.35,2.94,3.21,2.3,3.3,3.35,2.44,1.95,1.85,1.95,1.91,1.88,1.83,2.04,1.93,0.25,1.78,2.03,1.78,2.03,1.75,1.99,1.89,2.09
I2,19/09/2026,14:00,Cremonese,Virtus Entella,0,0,D,0,0,D,1.01,1.02,11,17,5,4,8,11,1,3,1,0,0,0,1.76,3.3,4.75,1.73,3.5,4.33,1.7,3.5,4.5,1.78,3.5,4.5,1.67,3.5,4.5,1.67,3.4,4.33,1.81,3.75,4.75,1.74,3.5,4.46,1.79,3.8,5.1,2.05,1.75,2.05,1.8,1.98,1.75,2.08,1.87,-0.75,2,1.8,2,1.8,1.96,1.77,2.02,1.92,2.1,3,3.7,2.1,3.1,3.5,2.05,3.13,3.5,2.1,3.2,3.5,2,2.88,3.8,2,2.88,3.6,2.1,3.2,3.8,2.07,3.09,3.59,2.16,3.25,4.1,2.25,1.62,2.25,1.67,2.17,1.63,2.32,1.72,-0.25,1.78,2.03,1.78,2.03,1.76,1.98,1.85,2.16
I2,19/09/2026,14:00,Palermo,Padova,2,1,H,1,1,D,2.51,1.18,22,20,8,5,10,12,7,11,2,1,0,1,1.53,3.9,5.5,1.57,4,5,1.53,4,5.25,1.6,3.9,5.25,1.53,4,5,1.53,3.8,4.8,1.6,4.2,5.5,1.55,3.99,5.21,1.63,4.3,5.8,1.73,2.08,1.73,2.1,1.69,2.07,1.68,2.14,-1,2,1.8,2,1.8,1.95,1.78,2,1.81,1.49,4,6.25,1.5,4.2,5.5,1.5,4.1,5.75,1.55,4.1,5.5,1.44,3.8,6,1.44,3.8,5.75,1.55,4.3,6.25,1.5,4.09,5.74,1.59,4.4,6.6,1.7,2.1,1.7,2.2,1.65,2.12,1.76,2.26,-1,1.85,1.95,1.88,1.95,1.82,1.9,1.97,2
I2,19/09/2026,16:15,Sampdoria,Catanzaro,2,1,H,0,1,A,2.83,1.43,17,10,6,1,17,9,4,5,3,4,1,0,1.96,3.3,3.7,2.1,3.3,3.2,2,3.3,3.4,2.1,3.3,3.4,2.05,3.3,3.3,2.05,3.1,3.1,2.12,3.35,3.7,2.05,3.28,3.38,2.08,3,3.45,2.03,1.78,2.03,1.8,1.98,1.76,2,1.79,-0.25,1.75,2.05,1.8,2.05,1.75,1.98,1.79,2.04,1.86,3.5,3.9,1.95,3.4,3.5,1.9,3.4,3.6,1.95,3.5,3.7,1.87,3.2,3.8,1.85,3.1,3.75,1.97,3.5,3.9,1.92,3.39,3.65,2.02,3.5,4.3,1.85,1.95,1.85,2,1.79,1.93,1.92,2.04,-0.5,1.9,1.9,1.93,1.9,1.9,1.81,2.03,1.96
I2,19/09/2026,18:30,Ascoli,Avellino,3,1,H,0,1,A,1.06,0.85,15,12,6,3,11,13,5,1,2,2,0,0,2.05,3.3,3.5,2.1,3.3,3.2,2.05,3.3,3.3,2.1,3.4,3.3,2,3.3,3.3,2,3.25,3.1,2.12,3.4,3.6,2.06,3.31,3.34,2.02,3.05,3.4,1.95,1.85,1.95,1.91,1.9,1.82,1.9,1.83,-0.25,1.8,2,1.8,2,1.77,1.96,1.74,1.95,2.05,3.3,3.5,2.05,3.2,3.5,2.05,3.25,3.3,2.1,3.25,3.5,1.95,3,3.7,1.95,2.9,3.6,2.1,3.4,4,2.04,3.19,3.54,2.14,3.3,4,2.05,1.75,2.1,1.8,2.02,1.73,2.14,1.85,-0.5,2.03,1.78,2.05,1.8,2.01,1.72,2.14,1.84
I2,20/09/2026,14:00,Arezzo,Sudtirol,1,4,A,0,1,A,1.58,1.37,12,10,3,5,6,14,9,2,2,2,0,0,2.2,3.1,3.4,2.25,3.1,3.1,2.15,3.1,3.25,2.25,3.2,3.1,2.2,3.1,3.2,2.15,3,3.1,2.25,3.2,3.4,2.2,3.08,3.22,2.22,3.1,3.5,2.35,1.57,2.35,1.62,2.28,1.56,2.38,1.59,-0.25,1.9,1.9,1.93,1.9,1.87,1.85,,,2.25,3.1,3.4,2.25,3,3.2,2.25,3,3.13,2.25,3.2,3.1,2.25,2.8,3.3,2.25,2.75,3.25,2.3,3.2,3.4,2.26,3,3.25,2.46,3.05,3.65,2.35,1.57,2.4,1.57,2.34,1.54,2.54,1.62,-0.25,1.95,1.85,1.95,1.85,1.92,1.81,2.05,1.92
I2,20/09/2026,14:00,Verona,Vicenza,2,1,H,0,0,D,0.97,0.9,16,9,6,2,14,12,3,5,4,2,0,0,1.86,3.4,4.2,1.83,3.5,3.75,1.85,3.5,3.7,1.88,3.6,3.75,1.8,3.6,3.8,1.8,3.5,3.6,1.91,3.6,4.2,1.85,3.51,3.75,1.92,3.65,4,1.85,1.95,1.87,1.95,1.8,1.9,1.71,1.85,-0.5,1.9,1.9,1.9,1.93,1.84,1.87,,,1.81,3.3,4.5,1.83,3.4,4,1.8,3.4,4.1,1.83,3.5,4.1,1.8,3.2,4.33,1.75,3.1,4.2,1.9,3.5,4.5,1.82,3.37,4.17,1.9,3.65,4.8,1.95,1.85,1.95,1.95,1.86,1.85,1.99,1.99,-0.5,1.83,1.98,1.87,1.98,1.8,1.91,1.9,2.08
I2,20/09/2026,16:15,Mantova,Pisa,2,2,D,1,1,D,1.64,2.12,14,14,3,5,13,13,5,5,4,3,0,0,2.65,3.2,2.55,2.75,3.3,2.4,2.63,3.25,2.45,2.7,3.3,2.45,2.63,3.3,2.4,2.6,3.25,2.38,2.75,3.4,2.6,2.67,3.25,2.44,2.78,3.3,2.52,1.98,1.83,1.98,1.83,1.92,1.8,1.87,1.79,0,1.98,1.83,2,1.84,1.94,1.8,,,2.65,3.2,2.55,2.5,3.25,2.6,2.55,3.2,2.55,2.6,3.3,2.6,2.63,2.9,2.5,2.63,2.9,2.5,2.7,3.3,2.63,2.59,3.16,2.57,2.94,3.25,2.78,1.95,1.85,1.95,1.85,1.92,1.81,2.06,1.92,0,1.95,1.85,1.95,1.87,1.88,1.85,2.02,1.94
I2,20/09/2026,18:30,Modena,Empoli,2,1,H,0,1,A,1.72,0.71,22,9,8,4,11,11,3,2,2,2,0,0,1.62,3.6,5.25,1.67,3.6,4.6,1.65,3.6,4.75,1.68,3.7,4.8,1.62,3.7,4.75,1.62,3.5,4.6,1.69,3.7,5.33,1.65,3.61,4.86,1.57,3.4,4.8,1.9,1.9,1.91,1.91,1.85,1.86,1.88,1.83,-0.75,1.85,1.95,1.87,1.95,1.83,1.89,,,1.42,4.1,7.5,1.44,4.2,6.5,1.4,4.2,7,1.46,4.2,6.75,1.36,4.2,7,1.4,4,6.5,1.5,4.35,7.5,1.43,4.18,6.83,1.5,4.6,8.2,1.83,1.98,1.85,1.98,1.81,1.92,1.91,2.06,-1,1.73,2.08,1.8,2.08,1.72,2.03,1.84,2.16
