Div,Date,Time,HomeTeam,AwayTeam,FTHG,FTAG,FTR,HTHG,HTAG,HTR,Referee,HS,AS,HST,AST,HF,AF,HC,AC,HY,AY,HR,AR,B365H,B365D,B365A,BFDH,BFDD,BFDA,BVH,BVD,BVA,BWH,BWD,BWA,PPH,PPD,PPA,SKBH,SKBD,SKBA,MaxH,MaxD,MaxA,AvgH,AvgD,AvgA,BFEH,BFED,BFEA,B365>2.5,B365<2.5,Max>2.5,Max<2.5,Avg>2.5,Avg<2.5,BFE>2.5,BFE<2.5,AHh,B365AHH,B365AHA,MaxAHH,MaxAHA,AvgAHH,AvgAHA,BFEAHH,BFEAHA,B365CH,B365CD,B365CA,BFDCH,BFDCD,BFDCA,BVCH,BVCD,BVCA,BWCH,BWCD,BWCA,PPCH,PPCD,PPCA,SKBCH,SKBCD,SKBCA,MaxCH,MaxCD,MaxCA,AvgCH,AvgCD,AvgCA,BFECH,BFECD,BFECA,B365C>2.5,B365C<2.5,MaxC>2.5,MaxC<2.5,AvgC>2.5,AvgC<2.5,BFEC>2.5,BFEC<2.5,AHCh,B365CAHH,B365CAHA,MaxCAHH,MaxCAHA,AvgCAHH,AvgCAHA,BFECAHH,BFECAHA
SC2,01/08/2026,15:00,Alloa,East Fife,0,0,D,0,0,D,J Kennedy,7,5,4,0,7,8,12,3,1,1,0,0,1.9,3.5,3.4,1.91,3.4,3.4,1.91,3.4,3.6,1.93,3.3,3.25,1.95,3.4,3.5,1.91,3.3,3.4,1.95,3.5,3.6,1.92,3.38,3.4,1.99,3.25,3.75,1.9,1.9,1.9,1.91,1.85,1.85,1.89,1.87,-0.5,1.95,1.85,1.95,1.85,1.92,1.78,1.99,1.84,2.15,3.4,2.88,2.1,3.3,3,2,3.4,3.3,2.1,3.2,2.95,2.1,3.3,3,2.1,3.25,3,2.2,3.4,3.3,2.09,3.27,3.09,2.44,3.5,3.05,1.9,1.9,1.9,1.93,1.82,1.86,1.95,2,-0.25,1.93,1.88,1.93,1.97,1.8,1.91,1.88,2.04
SC2,01/08/2026,15:00,Cove Rangers,Airdrie Utd,0,0,D,0,0,D,D Graves,10,8,6,3,18,13,4,5,2,3,0,0,2.63,3.4,2.25,2.63,3.4,2.3,2.88,3.2,2.3,2.55,3.4,2.3,2.63,3.5,2.3,2.6,3.4,2.25,2.88,3.5,2.35,2.66,3.38,2.29,1.04,1.08,1.05,2,1.8,2,1.8,1.94,1.76,1.31,1.08,0,2.08,1.73,2.08,1.73,2.04,1.69,1.01,1.03,3.1,3.6,1.91,3.4,3.3,1.95,3.3,3.3,2.05,3.2,3.2,1.98,3.6,3.4,1.87,3.5,3.3,1.85,3.6,3.6,2.05,3.35,3.31,1.96,3.95,3.7,2.02,2,1.8,2,1.91,1.9,1.79,1.97,1.95,0.5,1.8,2,1.8,2.02,1.73,1.96,1.92,2.02
SC2,01/08/2026,15:00,East Kilbride,Queen of Sth,5,1,H,3,1,H,J Hay,15,4,7,4,8,19,4,1,1,6,0,0,1.45,3.9,5.75,1.4,4.2,6,1.44,4.2,6,1.46,4.1,5.25,1.4,4.33,6,1.4,4.2,5.75,1.48,4.33,6,1.44,4.16,5.65,1.04,1.14,1.09,1.62,2.25,1.67,2.25,1.63,2.13,1.22,1.05,-1.25,2.03,1.78,2.03,1.78,1.97,1.74,,,1.5,3.9,5.25,1.53,3.75,5,1.5,4.2,5.25,1.55,4,4.4,1.5,4.33,4.75,1.5,4.2,4.6,1.61,4.5,5.25,1.54,4.07,4.67,1.61,4.7,5.4,1.57,2.35,1.63,2.35,1.58,2.21,1.64,2.44,-1,1.9,1.9,1.9,1.9,1.87,1.83,1.98,1.93
SC2,01/08/2026,15:00,Montrose,Hamilton,0,5,A,0,2,A,A Hendry,3,8,1,7,12,11,4,9,0,0,0,0,3.3,3.4,1.9,3.1,3.5,2,3.3,3.6,1.95,3.1,3.4,1.95,3.2,3.5,2,3.1,3.4,2,3.3,3.6,2.05,3.16,3.45,1.97,2.98,3.15,1.88,1.73,2.08,1.73,2.1,1.7,2.03,1.64,1.89,0.5,1.83,1.98,1.83,2,1.74,1.96,1.75,1.88,2.75,3.3,2.2,2.75,3.4,2.2,2.8,3.4,2.25,2.87,3.3,2.1,2.75,3.5,2.2,2.7,3.4,2.15,3.25,3.5,2.25,2.88,3.37,2.14,3.05,3.7,2.3,1.7,2.1,1.73,2.1,1.69,2.02,1.82,2.18,0.25,1.8,2,1.8,2,1.77,1.94,1.95,2
SC2,01/08/2026,15:00,Peterhead,Ross County,0,1,A,0,0,D,C Stirling,8,13,3,5,16,14,3,6,2,4,0,0,3.5,4,1.73,4,3.75,1.67,4.2,3.6,1.73,3.7,3.75,1.71,4.2,3.8,1.67,4,3.75,1.67,4.2,4,1.73,3.9,3.77,1.71,1.04,1.04,1.04,1.83,1.98,1.83,1.98,1.79,1.91,1.28,1.05,0.75,1.8,2,1.8,2,1.78,1.93,1.02,1.04,3.9,4.1,1.62,4.5,3.6,1.62,4.8,3.75,1.62,4.6,3.5,1.63,5,3.75,1.57,4.8,3.6,1.55,5,4.1,1.71,4.47,3.69,1.63,5.8,4.1,1.67,1.85,1.95,1.85,2,1.76,1.93,1.87,2.1,0.75,1.98,1.83,1.98,1.83,1.91,1.8,2.11,1.84
SC2,08/08/2026,15:00,Airdrie Utd,East Kilbride,1,1,D,0,0,D,G Irvine,8,10,4,4,14,17,3,7,3,4,0,0,3.5,3.5,1.9,3.3,3.6,1.9,3.5,3.5,1.91,3.25,3.5,1.9,3.3,3.8,1.91,3.25,3.6,1.85,3.5,4.2,1.95,3.26,3.65,1.9,3.7,3.8,1.91,1.73,2.08,1.73,2.08,1.71,2.01,1.71,2.18,0.5,1.85,1.95,1.85,1.95,1.8,1.9,1.98,1.91,2.5,3.4,2.45,2.6,3.4,2.3,2.75,3.5,2.25,2.55,3.3,2.3,2.63,3.5,2.3,2.6,3.4,2.3,2.75,3.6,2.75,2.55,3.43,2.35,2.74,3.8,2.54,1.7,2.1,1.7,2.2,1.65,2.1,1.75,2.3,0,1.93,1.88,2.05,1.88,1.99,1.74,2.05,1.88
SC2,08/08/2026,15:00,East Fife,Cove Rangers,2,0,H,0,0,D,I Snedden,17,7,9,4,12,12,2,3,1,0,0,0,2.15,3.1,3,2.15,3.2,3,2.15,3.25,3.13,2.1,3.2,3,2.1,3.3,3.2,2.1,3.1,3.1,2.15,3.3,3.2,2.12,3.2,3.06,2.22,3.35,3.25,2.05,1.75,2.1,1.75,2.01,1.71,2.04,1.77,-0.25,1.93,1.88,1.93,1.88,1.86,1.85,1.9,1.9,2.2,3.1,2.9,2.25,3.2,2.8,2.25,3.13,3,2.2,3.1,2.85,2.2,3.1,3,2.2,3.1,2.9,2.25,3.5,3,2.2,3.17,2.91,2.24,3.5,3.45,2.08,1.73,2.08,1.83,1.97,1.74,2.08,1.85,-0.25,1.98,1.83,1.98,1.83,1.93,1.79,1.94,2
SC2,08/08/2026,15:00,Hamilton,Alloa,1,0,H,1,0,H,P Stuart,9,5,3,1,19,11,7,3,4,2,0,0,1.67,3.4,4.75,1.6,3.75,4.6,1.65,3.6,4.75,1.62,3.6,4.5,1.62,3.8,4.75,1.6,3.6,4.6,1.67,3.8,4.8,1.62,3.64,4.58,1.66,4,5.5,1.9,1.9,1.9,1.93,1.83,1.86,1.9,1.92,-0.75,1.9,1.9,1.9,1.93,1.82,1.88,1.84,2.12,1.6,3.5,5,1.57,3.6,5,1.6,3.7,5,1.58,3.6,4.8,1.6,3.6,4.75,1.5,3.75,5,1.64,4,5,1.59,3.68,4.82,1.7,4.1,5.4,1.9,1.9,1.9,1.91,1.83,1.86,1.96,2,-0.75,1.8,2,1.8,2,1.77,1.94,1.88,2.06
SC2,08/08/2026,15:00,Queen of Sth,Peterhead,0,1,A,0,1,A,G Grainger,7,14,0,5,8,17,9,2,0,1,0,0,2.6,3.4,2.3,2.5,3.4,2.38,2.63,3.4,2.38,2.55,3.4,2.3,2.6,3.5,2.4,2.5,3.4,2.38,2.63,3.5,2.45,2.57,3.4,2.35,2.66,3.5,2.48,1.7,2.1,1.7,2.1,1.67,2.06,1.73,2.08,0,2.03,1.78,2.03,1.83,1.95,1.77,1.95,1.81,2.75,3.4,2.2,2.63,3.4,2.3,2.8,3.4,2.25,2.75,3.3,2.2,2.7,3.3,2.3,2.9,3.25,2.1,2.9,3.4,2.38,2.76,3.33,2.25,2.94,3.5,2.52,1.73,2.08,1.77,2.1,1.7,2.01,1.82,2.12,0,2.1,1.7,2.1,1.83,2.02,1.71,2.12,1.82
SC2,08/08/2026,15:00,Ross County,Montrose,2,1,H,1,1,D,S Murdoch,22,7,11,4,12,15,10,4,4,3,0,0,1.27,4.5,8.5,1.25,5,8.5,1.25,5.25,9.5,1.27,5,8.5,1.25,5,9,1.25,4.8,8,1.29,5.25,9.5,1.27,4.99,8.54,1.25,5,8.8,1.62,2.25,1.62,2.25,1.58,2.21,1.55,2.04,-1.5,1.85,1.95,1.85,1.95,1.81,1.88,1.74,1.81,1.4,3.9,6.25,1.36,4.33,7,1.4,4.4,6.5,1.37,4.33,6.5,1.4,4.2,6.5,1.4,4,6.25,1.43,4.8,8.5,1.38,4.28,6.64,1.5,4.5,7.6,1.67,2.15,1.67,2.25,1.63,2.14,1.78,2.18,-1.25,1.95,1.85,1.95,1.85,1.88,1.82,2.09,1.85
SC2,15/08/2026,15:00,Alloa,Montrose,3,0,H,2,0,H,A Grieve,18,4,9,1,11,22,7,5,2,2,0,0,2,3.4,3.1,2,3.4,3.1,2.05,3.4,3.2,2,3.3,3.1,2,3.5,3.2,2,3.4,3.1,2.08,3.5,3.25,2.03,3.39,3.12,2.06,3.45,3.3,1.85,1.95,1.85,2,1.77,1.93,1.81,1.95,-0.25,1.83,1.98,1.83,1.98,1.8,1.91,1.81,2,2.35,3.25,2.6,2.38,3.3,2.6,2.5,3.3,2.55,2.3,3.25,2.6,2.4,3.4,2.5,2.38,3.3,2.5,2.54,3.5,2.8,2.38,3.31,2.61,2.58,3.45,2.84,1.85,1.95,1.85,1.95,1.8,1.9,1.89,2.02,0,1.7,2.1,1.81,2.1,1.76,1.94,1.87,2
SC2,15/08/2026,15:00,East Kilbride,Cove Rangers,3,0,H,0,0,D,D McFarlane,10,4,6,3,14,14,7,2,1,2,0,1,1.42,4.33,5.25,1.36,4.6,6,1.4,4.6,6,1.4,4.5,5.75,1.33,5,6.5,1.36,4.75,6,1.44,5,6.5,1.4,4.57,5.69,1.43,5,6.2,1.44,2.63,1.58,2.75,1.46,2.55,1.43,2.82,-1.25,1.9,1.9,1.91,1.9,1.89,1.82,1.87,1.91,1.44,4.33,5.25,1.44,4.33,5.5,1.4,4.6,6,1.46,4.2,5.25,1.5,4.2,5,1.5,4,4.8,1.53,4.6,6,1.46,4.28,5.31,1.58,4.6,5.6,1.44,2.63,1.58,2.88,1.46,2.54,1.48,2.92,-1,1.73,2.08,1.73,2.08,1.68,2.07,1.87,2.01
SC2,15/08/2026,15:00,Hamilton,Airdrie Utd,4,0,H,1,0,H,S Murdoch,10,6,5,2,17,13,7,8,2,3,0,0,1.9,3.3,3.4,2,3.3,3.3,2,3.3,3.4,1.95,3.25,3.3,2,3.4,3.4,1.95,3.25,3.25,2.05,3.4,3.6,1.98,3.27,3.36,2.08,3.35,3.5,2,1.8,2,1.8,1.92,1.78,1.98,1.82,-0.5,2,1.8,2,1.8,1.96,1.74,2.08,1.8,1.8,3.4,3.8,1.91,3.3,3.5,1.83,3.4,3.9,1.93,3.3,3.3,1.85,3.4,3.7,1.83,3.3,3.6,1.95,3.8,3.9,1.88,3.43,3.58,2,3.8,4.1,1.95,1.85,1.95,1.91,1.86,1.84,1.9,2.02,-0.5,1.83,1.98,1.93,1.98,1.85,1.83,2,1.98
SC2,15/08/2026,15:00,Peterhead,East Fife,2,1,H,0,0,D,A Hendry,7,3,5,2,0,6,2,1,1,4,0,0,1.9,3.3,3.6,1.95,3.25,3.5,1.87,3.3,3.9,1.87,3.25,3.5,1.95,3.3,3.6,1.91,3.25,3.5,1.95,3.3,3.9,1.92,3.25,3.65,1.99,3.25,4,2.1,1.7,2.1,1.73,2.05,1.69,2.12,1.74,-0.5,1.93,1.88,1.95,1.88,1.9,1.8,1.99,1.9,1.91,3.4,3.4,1.9,3.3,3.5,1.91,3.4,3.6,1.9,3.3,3.3,1.9,3.4,3.6,1.85,3.3,3.5,1.95,3.5,3.6,1.91,3.37,3.45,2.1,3.65,3.8,1.95,1.85,1.95,1.91,1.86,1.83,2.02,1.92,-0.5,1.98,1.83,1.98,1.83,1.91,1.77,2.1,1.88
SC2,22/08/2026,15:00,Airdrie Utd,Ross County,1,3,A,0,2,A,C Stirling,7,15,2,5,14,15,4,7,3,1,0,0,4.33,3.6,1.67,4.5,3.5,1.67,4.75,3.6,1.65,4.33,3.6,1.65,4.5,3.6,1.67,4.33,3.5,1.67,4.8,3.75,1.95,4.31,3.56,1.7,5.1,3.8,1.65,1.95,1.85,1.95,1.85,1.88,1.82,1.89,1.9,0.75,1.93,1.88,1.93,1.88,1.87,1.83,1.96,1.82,3.9,3.8,1.7,4,3.75,1.67,4.5,3.9,1.62,4.1,3.7,1.65,4.2,3.8,1.67,4,3.6,1.67,4.5,4,1.73,4.13,3.8,1.66,4.6,4.1,1.77,1.62,2.25,1.7,2.25,1.66,2.11,1.72,2.24,0.75,1.85,1.95,1.9,1.95,1.88,1.82,1.96,1.96
SC2,22/08/2026,15:00,Cove Rangers,Peterhead,3,0,H,0,0,D,P Stuart,12,11,6,4,14,12,3,4,2,2,0,0,2.63,3.3,2.25,2.6,3.3,2.38,2.7,3.3,2.38,2.55,3.25,2.37,2.63,3.4,2.4,2.5,3.3,2.38,2.7,3.8,2.65,2.56,3.41,2.38,2.42,3.75,2.28,1.9,1.9,1.9,1.93,1.83,1.87,1.83,1.93,0,2.05,1.75,2.05,1.8,1.96,1.75,1.89,1.76,2.63,3.3,2.25,2.5,3.2,2.5,2.55,3.2,2.55,2.4,3.1,2.6,2.5,3.25,2.5,2.45,3.1,2.5,2.63,3.3,2.63,2.5,3.21,2.52,2.7,3.4,2.86,2.03,1.78,2.05,1.78,1.99,1.73,2.12,1.83,0,2.05,1.75,2.05,1.9,1.88,1.83,1.9,2.04
SC2,22/08/2026,15:00,East Fife,Hamilton,0,0,D,0,0,D,J Kennedy,6,10,2,5,13,7,5,9,1,1,0,0,3.7,3.2,1.85,3.5,3.3,1.91,3.7,3.3,1.93,3.5,3.25,1.9,3.6,3.4,1.91,3.5,3.3,1.85,4.5,3.4,1.95,3.68,3.3,1.89,3.5,2.92,1.84,2,1.8,2,1.8,1.91,1.79,1.83,1.7,0.5,1.85,1.95,1.98,1.95,1.83,1.86,1.83,1.84,3.7,3.2,1.85,3.6,3.4,1.83,3.9,3.4,1.83,3.7,3.25,1.83,3.75,3.4,1.85,3.6,3.3,1.83,3.9,3.4,1.95,3.69,3.31,1.86,4.2,3.55,1.93,1.95,1.85,1.95,1.85,1.91,1.8,1.96,1.94,0.5,1.9,1.9,1.9,1.93,1.83,1.86,2.03,1.93
SC2,22/08/2026,15:00,Montrose,East Kilbride,3,0,H,2,0,H,A Hendry,9,7,4,5,19,13,1,4,3,2,0,0,4,4,1.62,4.33,4,1.6,4.4,4,1.62,4.1,3.8,1.62,4.5,4,1.6,4.33,3.9,1.57,4.5,4.1,1.8,4.1,3.91,1.64,4.4,4.2,1.68,1.53,2.38,1.53,2.55,1.49,2.44,1.54,2.52,0.75,2,1.8,2,1.8,1.95,1.76,2,1.85,3.75,4,1.67,3.75,4,1.67,4.2,3.9,1.67,4.1,3.8,1.63,4,4,1.65,3.8,3.9,1.67,4.25,4,1.7,3.98,3.91,1.67,4.4,4.4,1.76,1.5,2.5,1.5,2.7,1.48,2.5,1.56,2.58,0.75,1.9,1.9,1.9,1.9,1.86,1.84,2.01,1.93
SC2,22/08/2026,15:00,Queen of Sth,Alloa,0,2,A,0,0,D,G Irvine,9,14,3,8,15,10,4,5,2,1,0,0,2.5,3.25,2.5,2.5,3.25,2.5,2.55,3.2,2.55,2.55,3.1,2.4,2.5,3.3,2.5,2.45,3.25,2.45,2.6,3.3,2.6,2.53,3.22,2.49,2.52,3.2,2.32,1.9,1.9,1.9,1.95,1.82,1.89,1.75,1.78,0,1.93,1.88,1.93,1.88,1.86,1.84,1.9,1.87,2.5,3.25,2.5,2.5,3.3,2.5,2.6,3.2,2.5,2.45,3.2,2.5,2.5,3.3,2.5,2.45,3.25,2.45,2.6,3.35,2.6,2.52,3.23,2.5,2.62,3.45,2.66,1.9,1.9,1.9,1.93,1.83,1.89,1.9,2,0,1.93,1.88,1.93,1.88,1.88,1.83,1.92,1.94
SC2,29/08/2026,15:00,Airdrie Utd,East Fife,0,0,D,0,0,D,P Stuart,6,3,2,0,14,15,5,3,5,5,0,0,1.8,3.5,3.7,1.83,3.4,3.75,1.83,3.4,3.9,1.83,3.5,3.5,1.8,3.5,3.8,1.8,3.4,3.75,1.88,3.8,3.9,1.82,3.5,3.69,1.86,3.45,4,1.9,1.9,1.9,1.91,1.84,1.86,1.9,1.87,-0.5,1.85,1.95,1.88,1.95,1.83,1.87,1.86,1.9,1.8,3.5,3.7,1.83,3.4,3.75,1.83,3.4,3.9,1.82,3.3,3.6,1.8,3.5,3.8,1.8,3.4,3.75,1.9,3.6,3.95,1.83,3.45,3.71,1.94,3.7,4.1,1.9,1.9,1.9,1.91,1.83,1.87,1.94,1.94,-0.5,1.88,1.93,1.88,1.93,1.82,1.86,1.94,1.98
SC2,29/08/2026,15:00,Alloa,Peterhead,1,1,D,1,0,H,I Snedden,9,6,3,2,14,10,3,4,3,2,0,0,2.05,3.25,3.1,2.05,3.25,3.2,2.1,3.25,3.2,2.05,3.25,3.1,2,3.3,3.3,2,3.25,3.1,2.1,3.5,3.3,2.05,3.3,3.15,2.22,3.05,3.1,1.98,1.83,1.98,1.83,1.93,1.79,1.39,1.76,-0.25,1.85,1.95,1.85,1.95,1.81,1.9,1.91,1.87,1.95,3.4,3.3,1.9,3.3,3.6,1.87,3.4,3.75,1.87,3.2,3.6,1.8,3.4,3.8,1.8,3.3,3.8,1.95,3.4,3.8,1.87,3.34,3.68,1.96,3.7,4.3,1.95,1.85,1.95,1.88,1.87,1.83,1.98,1.93,-0.5,1.98,1.83,1.98,1.84,1.87,1.82,1.96,1.99
SC2,29/08/2026,15:00,Hamilton,Cove Rangers,1,0,H,1,0,H,J Hay,15,11,7,2,12,13,3,3,2,1,0,0,1.5,3.9,5.25,1.5,4,5,1.53,4,5.25,1.51,4,4.8,1.5,4.2,5.5,1.5,4,5,1.55,4.5,5.5,1.52,4.11,4.98,1.55,4.1,5.7,1.7,2.1,1.7,2.15,1.66,2.1,1.64,2.1,-1,1.93,1.88,1.93,1.88,1.89,1.82,1.9,1.81,1.5,3.8,5.25,1.5,4,5.5,1.45,4.2,6,1.47,4,5.25,1.44,4.2,5.5,1.44,4,5.5,1.5,4.33,6,1.48,4.09,5.46,1.54,4.5,7,1.73,2.08,1.73,2.1,1.69,2.06,1.76,2.2,-1,1.93,1.88,1.93,1.9,1.81,1.9,1.85,2.03
SC2,29/08/2026,15:00,Montrose,Queen of Sth,2,1,H,1,0,H,L Hogarth,10,11,6,5,14,13,4,3,2,5,0,0,2,3.5,3,1.95,3.5,3.25,1.91,3.6,3.4,1.9,3.5,3.2,1.95,3.6,3.3,1.91,3.5,3.25,2,3.6,3.4,1.93,3.55,3.26,1.94,3.75,3.55,1.67,2.15,1.7,2.15,1.66,2.1,1.68,2.16,-0.5,1.95,1.85,1.98,1.85,1.91,1.79,1.94,1.87,1.83,3.6,3.4,1.95,3.5,3.25,1.91,3.5,3.5,1.95,3.4,3.2,1.91,3.6,3.25,1.91,3.5,3.1,2,3.75,3.5,1.92,3.55,3.31,1.97,3.9,3.9,1.7,2.1,1.7,2.1,1.67,2.08,1.74,2.2,-0.5,1.9,1.9,1.98,1.9,1.9,1.78,1.97,2
SC2,29/08/2026,17:30,Ross County,East Kilbride,4,0,H,1,0,H,J Wilkie,8,4,6,1,16,16,7,3,3,2,0,0,1.57,3.9,4.5,1.57,4,4.5,1.57,4,4.8,1.57,4,4.33,1.62,4.5,4,1.6,4.2,3.8,1.62,4.5,4.8,1.58,4.12,4.38,1.64,4.1,4.6,1.62,2.25,1.62,2.25,1.58,2.23,1.62,2.26,-1,2,1.8,2,1.8,1.95,1.76,2.02,1.72,1.5,4.2,4.75,1.5,4,5,1.53,4.1,5,1.52,4.1,4.5,1.5,4.2,5,1.5,4,4.75,1.55,4.35,5.25,1.52,4.15,4.82,1.61,4.7,5.4,1.5,2.5,1.55,2.5,1.51,2.4,1.56,2.64,-1,1.85,1.95,1.85,1.95,1.84,1.86,1.96,1.94
SC2,05/09/2026,15:00,Cove Rangers,Alloa,1,1,D,1,0,H,C Stirling,11,10,5,4,15,6,4,7,3,2,1,0,2.8,3.3,2.25,2.75,3.25,2.3,2.8,3.3,2.3,2.75,3.1,2.25,2.8,3.3,2.3,2.7,3.25,2.25,2.85,3.3,2.35,2.78,3.26,2.29,2.7,2.96,2.12,1.9,1.9,1.9,1.91,1.83,1.86,1.54,1.79,0,2.08,1.73,2.08,1.73,2.04,1.69,1.94,1.61,2.88,3.3,2.25,2.88,3.3,2.15,3,3.25,2.2,2.9,3.2,2.15,3,3.3,2.1,2.75,3.25,2.2,3.1,3.35,2.25,2.94,3.24,2.17,3.3,3.5,2.28,1.88,1.93,1.88,1.93,1.82,1.88,1.92,1.98,0.25,1.8,2,1.83,2,1.81,1.89,1.96,1.97
SC2,05/09/2026,15:00,East Fife,Ross County,2,2,D,0,0,D,S Murdoch,5,17,3,7,10,8,1,8,5,1,0,0,6.5,3.9,1.42,6.5,4,1.4,7,4.2,1.4,6,4.1,1.41,7,4.2,1.4,6.25,4,1.4,7.25,4.33,1.43,6.55,4.13,1.41,6.2,3.75,1.36,1.85,1.95,1.85,2,1.79,1.93,1.8,1.9,1.25,1.8,2,1.8,2,1.75,1.96,1.69,1.84,5.5,3.75,1.53,6,4,1.44,5.5,3.8,1.53,,,,6,4,1.44,6,3.9,1.44,6,4,1.55,5.51,3.87,1.5,6.4,4.2,1.62,1.85,1.95,1.85,1.95,1.79,1.92,1.91,2,1,1.85,1.95,1.85,1.95,1.82,1.89,1.84,2.1
SC2,05/09/2026,15:00,East Kilbride,Hamilton,0,1,A,0,1,A,C Steven,11,9,3,5,14,15,11,5,4,2,0,0,2.2,3.7,2.75,2.2,3.5,2.75,2.25,3.4,2.8,2.2,3.4,2.7,2.25,3.6,2.7,2.2,3.5,2.63,2.25,3.75,2.8,2.23,3.54,2.71,2.32,3.6,2.74,1.7,2.1,1.7,2.2,1.66,2.1,1.61,2.04,-0.25,2,1.8,2,1.8,1.95,1.76,2.04,1.66,2.7,3.7,2.2,2.5,3.4,2.2,2.8,3.4,2.25,,,,2.88,3.5,2.1,2.8,3.4,2.1,2.88,3.8,2.38,2.72,3.51,2.2,3.2,3.85,2.2,1.67,2.15,1.67,2.2,1.64,2.11,1.74,2.2,0.25,1.85,1.95,1.85,1.95,1.78,1.94,2.01,1.93
SC2,05/09/2026,15:00,Peterhead,Montrose,0,3,A,0,2,A,C Ashwood,6,4,0,3,10,29,1,0,1,4,0,0,2.1,3.4,3,2.1,3.4,2.88,2.15,3.4,3,2.05,3.4,2.87,2.05,3.6,2.9,2.05,3.5,2.88,2.15,3.6,3.1,2.1,3.43,2.96,1.99,3,2.74,1.75,2.05,1.75,2.1,1.69,2.06,1.62,1.9,-0.25,1.9,1.9,1.9,1.9,1.84,1.85,1.76,1.81,2.2,3.3,2.9,2.15,3.4,2.88,2.2,3.4,2.88,,,,2.1,3.4,3,2.1,3.3,2.9,2.36,3.4,3,2.2,3.27,2.87,2.52,3.4,3.1,1.8,2,1.8,2,1.73,1.98,1.84,2.08,-0.25,1.98,1.83,1.98,1.83,1.93,1.78,2.16,1.83
SC2,05/09/2026,15:00,Queen of Sth,Airdrie Utd,2,1,H,0,1,A,R Birrell,15,10,5,4,12,11,6,3,4,4,0,0,2.5,3.5,2.4,2.5,3.4,2.4,2.6,3.3,2.45,2.5,3.3,2.37,2.5,3.5,2.5,2.45,3.4,2.45,2.6,3.5,2.5,2.52,3.4,2.43,2.56,3.35,2.44,1.8,2,1.8,2,1.76,1.96,1.8,1.97,0,1.95,1.85,1.95,1.85,1.89,1.82,1.92,1.83,3.1,3.6,2,2.8,3.3,2,2.9,3.4,2.2,,,,2.88,3.3,2.2,2.8,3.2,2.2,3.1,3.6,2.2,2.94,3.39,2.09,3.5,3.85,2.12,1.75,2.05,1.78,2.1,1.74,1.98,1.8,2.12,0.25,1.98,1.83,1.98,1.88,1.87,1.84,2.09,1.85
SC2,12/09/2026,15:00,Airdrie Utd,Alloa,1,0,H,1,0,H,A Grieve,13,9,6,4,25,10,4,7,2,2,0,0,2.25,3.3,2.75,2.3,3.25,2.63,2.45,3.13,2.7,2.35,3.2,2.6,2.3,3.3,2.7,2.3,3.25,2.63,2.45,3.3,2.75,2.37,3.2,2.68,2.3,2.78,2.46,1.98,1.83,1.98,1.83,1.92,1.79,1.84,1.69,0,1.78,2.03,1.78,2.03,1.75,1.96,1.7,1.82,2.15,3.4,2.88,2.25,3.25,2.8,2.2,3.25,3,2.25,3.2,2.75,2.45,3.1,2.63,2.45,3,2.6,2.45,3.4,3,2.27,3.21,2.84,2.4,3.35,3.25,1.95,1.85,1.95,1.85,1.91,1.8,2.02,1.9,-0.25,1.95,1.85,1.95,1.85,1.91,1.8,2.05,1.9
SC2,12/09/2026,15:00,East Kilbride,Peterhead,3,1,H,1,0,H,L Hogarth,14,4,7,2,23,12,4,2,2,3,0,0,1.55,4.1,4.33,1.57,4,4.5,1.55,4.2,4.75,1.55,4.1,4.4,1.6,4,4.5,1.57,3.9,4.33,1.6,4.75,4.75,1.56,4.22,4.42,1.57,4.7,4,1.5,2.5,1.55,2.63,1.46,2.53,1.02,2.8,-1,1.95,1.85,1.95,1.85,1.9,1.81,1.92,1.84,1.65,3.9,3.9,1.6,4,4.2,1.65,4,4.2,1.61,3.9,4.1,1.57,4.2,4.4,1.57,4,4.2,1.65,4.25,4.4,1.61,4.01,4.19,1.73,4.4,4.6,1.5,2.5,1.55,2.7,1.47,2.54,1.53,2.72,-0.75,1.83,1.98,1.83,1.98,1.79,1.92,1.9,2.02
SC2,12/09/2026,15:00,Montrose,Cove Rangers,2,1,H,1,0,H,G Irvine,13,11,6,5,13,9,7,4,0,0,0,0,1.73,3.6,3.8,1.73,3.6,4,1.73,3.7,4.1,1.73,3.6,3.75,1.73,3.8,4,1.7,3.6,3.8,1.78,3.8,4.1,1.73,3.66,3.89,1.77,3.85,4.3,1.7,2.1,1.7,2.1,1.66,2.09,1.67,2.12,-0.75,2,1.8,2,2.2,1.96,1.92,1.97,1.8,1.9,3.4,3.5,1.91,3.4,3.4,1.73,3.6,4.2,1.82,3.3,3.6,1.85,3.4,3.8,1.83,3.3,3.6,2,3.6,4.2,1.87,3.41,3.61,2.1,3.6,3.85,1.9,1.9,1.9,2,1.8,1.91,1.9,2.02,-0.5,1.98,1.83,1.98,2.01,1.85,1.84,2.1,1.87
SC2,12/09/2026,15:00,Queen of Sth,East Fife,1,1,D,0,0,D,I Snedden,14,12,6,7,7,19,4,6,1,6,0,0,2.6,3.2,2.38,2.63,3.2,2.38,2.7,3.13,2.45,2.5,3.2,2.45,2.7,3.3,2.4,2.63,3.1,2.38,2.7,3.3,2.45,2.65,3.2,2.41,2.34,2.88,2.12,2.03,1.78,2.03,1.8,1.97,1.75,1.94,1.68,0,1.98,1.83,1.98,1.83,1.94,1.77,1.94,1.68,2.3,3.3,2.6,2.38,3.3,2.6,2.3,3.3,2.8,2.4,3.2,2.55,2.3,3.3,2.63,2.3,3.25,2.6,2.45,3.5,2.8,2.34,3.32,2.63,2.48,3.65,2.88,1.85,1.95,1.85,1.95,1.81,1.9,1.92,2,0,1.73,2.08,1.8,2.08,1.71,2.01,1.83,2.13
SC2,15/09/2026,19:45,Ross County,Queen of Sth,8,0,H,2,0,H,J Curran,15,3,11,1,12,7,7,2,3,1,0,0,1.3,4.75,8.5,1.29,5,8,1.25,5.5,9,1.28,5.25,7.25,1.25,5,8.5,1.25,4.8,7.5,1.3,6,9,1.28,5.22,7.58,1.32,6,10,1.5,2.5,1.5,2.7,1.45,2.58,1.49,2.76,-1.5,1.78,2.03,1.85,2.03,1.8,1.89,1.81,1.95,1.22,5.5,9.5,1.22,5.5,9.5,1.2,6,10.5,1.23,5.75,8.5,1.18,6,10,1.2,5.75,9.5,1.23,7,11,1.21,5.75,9.42,1.26,7,13.5,1.44,2.63,1.45,2.8,1.41,2.67,1.45,3,-1.75,1.85,1.95,1.85,1.95,1.81,1.9,1.84,2.03
SC2,19/09/2026,15:00,Alloa,East Kilbride,1,2,A,0,1,A,G Grainger,3,4,2,3,10,23,2,7,1,4,0,0,2.45,3.4,2.55,2.38,3.4,2.5,2.4,3.5,2.55,2.4,3.3,2.45,2.5,3.5,2.5,2.45,3.4,2.45,2.5,3.5,2.57,2.43,3.4,2.52,2.66,3.55,2.58,1.67,2.15,1.7,2.2,1.65,2.11,1.4,1.86,0,1.85,1.95,1.85,1.95,1.81,1.9,2.01,1.92,3,3.5,2.15,2.8,3.4,2.2,2.75,3.5,2.25,2.75,3.3,2.15,2.8,3.5,2.2,2.75,3.4,2.15,3,3.5,2.3,2.81,3.43,2.18,3,3.75,2.44,1.67,2.15,1.67,2.2,1.65,2.12,1.76,2.26,0.25,1.93,1.88,1.93,1.95,1.8,1.91,1.85,2.08
SC2,19/09/2026,15:00,Cove Rangers,Ross County,0,2,A,0,1,A,G Hanvidge,5,6,1,3,15,10,4,3,2,2,0,0,7.5,4.33,1.36,7.5,4.6,1.3,7.5,4.75,1.33,6.5,4.6,1.35,8,5,1.29,7,4.75,1.29,8,5,1.37,7.21,4.72,1.33,7,1.12,1.3,1.57,2.35,1.57,2.38,1.55,2.33,1.37,2.36,1.25,1.98,1.83,1.98,1.83,1.94,1.78,2,1.74,6,4.1,1.45,6,4.33,1.4,6.5,4.4,1.4,6,4.33,1.4,6.5,4.4,1.36,6,4.2,1.4,6.5,4.6,1.45,6.11,4.32,1.41,7.4,5,1.48,1.57,2.35,1.57,2.5,1.53,2.36,1.61,2.52,1.25,1.85,1.95,1.87,1.95,1.83,1.88,1.89,2.02
SC2,19/09/2026,15:00,East Fife,Montrose,1,2,A,0,1,A,G Soutar,9,8,6,4,18,14,3,1,1,3,0,0,2.25,3.5,2.8,2.25,3.3,2.75,2.25,3.3,2.88,2.3,3.2,2.65,2.25,3.4,2.8,2.2,3.25,2.7,2.36,3.5,2.88,2.27,3.28,2.79,2.14,2.88,2.76,1.9,1.9,1.91,1.9,1.87,1.84,1.88,1.62,-0.25,2,1.8,2,1.8,1.95,1.76,1.87,1.77,2.5,3.25,2.55,2.5,3.2,2.5,2.5,3.2,2.63,2.45,3.1,2.55,2.45,3.3,2.5,2.45,3.25,2.5,2.63,3.3,2.65,2.51,3.19,2.54,2.88,3.35,2.7,2.03,1.78,2.03,1.83,1.95,1.76,2.08,1.84,0,1.85,1.95,1.85,1.95,1.81,1.9,2.05,1.91
SC2,19/09/2026,15:00,Hamilton,Queen of Sth,4,1,H,3,1,H,A Hendry,18,5,10,3,7,7,9,0,1,1,0,0,1.29,4.75,8.5,1.25,5,8.5,1.25,5.5,9,1.28,5,7.75,1.25,5,9.5,1.25,4.8,8,1.29,5.5,9.5,1.26,5.15,8.48,1.26,4.5,7.8,1.53,2.38,1.55,2.4,1.52,2.37,1.47,2.58,-1.5,1.85,1.95,1.85,1.95,1.8,1.89,1.8,1.01,1.33,4.33,7.5,1.3,5,7.5,1.3,5,8,1.31,4.75,7.25,1.3,4.5,7.5,1.3,4.5,7,1.35,5,8,1.31,4.72,7.53,1.39,5.2,9.2,1.53,2.38,1.55,2.5,1.52,2.36,1.61,2.52,-1.5,1.98,1.83,1.98,1.83,1.91,1.78,2.06,1.83
SC2,19/09/2026,15:00,Peterhead,Airdrie Utd,1,2,A,0,1,A,M Daly,7,6,3,4,11,18,9,4,2,5,0,0,2.88,3.4,2.2,2.88,3.25,2.2,2.9,3.25,2.25,2.8,3.1,2.25,2.9,3.3,2.2,2.8,3.25,2.15,2.9,3.4,2.3,2.87,3.25,2.23,2.68,2.82,2.1,1.95,1.85,1.95,1.85,1.91,1.8,1.92,1.71,0.25,1.83,1.98,1.83,1.98,1.78,1.93,1.7,1.86,2.88,3.4,2.2,2.88,3.25,2.2,3,3.25,2.2,2.8,3.2,2.2,2.88,3.3,2.2,2.8,3.25,2.15,3,3.4,2.33,2.88,3.27,2.2,3.45,3.45,2.26,1.98,1.83,1.98,1.83,1.91,1.8,2,1.92,0.25,1.83,1.98,1.83,1.98,1.81,1.89,1.98,1.95
